infra_6_mes,volumen,volumen_iz_6_mes,volumen_de_6_mes,volumen_diff_6_mes,volume_avg
62.00,319.00,314.00,324.00,10,319.00
64.00,233.50,235.00,232.00,3,233.50
64.00,282.00,293.00,271.00,22,282.00
65.00,267.00,282.00,252.00,30,267.00
66.00,270.00,276.00,264.00,12,270.00
66.00,355.00,352.00,358.00,6,355.00
66.00,478.50,472.00,485.00,13,478.50
66.00,663.50,704.00,623.00,81,663.50
67.00,175.00,175.00,175.00,0,175.00
67.00,266.50,254.00,279.00,25,266.50
67.00,270.50,270.00,271.00,1,270.50
67.00,372.00,367.00,377.00,10,372.00
67.00,435.00,443.00,427.00,16,435.00
68.00,201.50,203.00,200.00,3,201.50
68.00,279.50,280.00,279.00,1,279.50
68.00,258.50,282.00,235.00,47,258.50
68.00,295.00,296.00,294.00,2,295.00
68.00,327.00,326.00,328.00,2,327.00
68.00,385.00,384.00,386.00,2,385.00
68.00,394.00,387.00,401.00,14,394.00
68.00,498.00,496.00,500.00,4,498.00
69.00,192.00,194.00,190.00,4,192.00
69.00,304.50,300.00,309.00,9,304.50
69.00,333.50,346.00,321.00,25,333.50
69.00,371.00,367.00,375.00,8,371.00
69.00,377.50,379.00,376.00,3,377.50
69.00,431.00,426.00,436.00,10,431.00
69.00,427.00,430.00,424.00,6,427.00
69.00,498.00,486.00,510.00,24,498.00
69.00,547.00,538.00,556.00,18,547.00
70.00,253.50,234.00,273.00,39,253.50
70.00,283.00,260.00,306.00,46,283.00
70.00,297.50,294.00,301.00,7,297.50
70.00,305.50,300.00,311.00,11,305.50
70.00,323.00,335.00,311.00,24,323.00
70.00,345.50,344.00,347.00,3,345.50
70.00,343.50,349.00,338.00,11,343.50
70.00,376.50,373.00,380.00,7,376.50
70.00,424.50,416.00,433.00,17,424.50
70.00,450.50,440.00,461.00,21,450.50
70.00,458.00,459.00,457.00,2,458.00
70.00,470.50,471.00,470.00,1,470.50
70.00,630.00,639.00,621.00,18,630.00
70.50,326.00,326.00,326.00,0,326.00
71.00,220.00,225.00,215.00,10,220.00
71.00,282.00,274.00,290.00,16,282.00
71.00,301.00,303.00,299.00,4,301.00
71.00,335.50,312.00,359.00,47,335.50
71.00,314.00,327.00,301.00,26,314.00
71.00,391.00,382.00,400.00,18,391.00
71.00,404.50,400.00,409.00,9,404.50
71.00,402.50,402.00,403.00,1,402.50
71.00,431.00,422.00,440.00,18,431.00
71.00,439.00,427.00,451.00,24,439.00
71.00,438.50,440.00,437.00,3,438.50
71.00,442.00,441.00,443.00,2,442.00
71.00,453.50,450.00,457.00,7,453.50
71.00,487.00,478.00,496.00,18,487.00
71.00,497.50,495.00,500.00,5,497.50
72.00,263.00,268.00,258.00,10,263.00
72.00,256.50,271.00,242.00,29,256.50
72.00,320.00,321.00,319.00,2,320.00
72.00,309.50,322.00,297.00,25,309.50
72.00,328.50,325.00,332.00,7,328.50
72.00,322.00,326.00,318.00,8,322.00
72.00,343.50,349.00,338.00,11,343.50
72.00,357.50,350.00,365.00,15,357.50
72.00,391.00,380.00,402.00,22,391.00
72.00,384.00,382.00,386.00,4,384.00
72.00,407.00,390.00,424.00,34,407.00
72.00,376.00,391.00,361.00,30,376.00
72.00,416.50,412.00,421.00,9,416.50
72.00,222.50,414.00,31.00,383,222.50
72.00,406.00,414.00,398.00,16,406.00
72.00,462.50,457.00,468.00,11,462.50
72.00,465.00,457.00,473.00,16,465.00
72.00,466.50,465.00,468.00,3,466.50
72.00,497.00,493.00,501.00,8,497.00
72.00,541.00,545.00,537.00,8,541.00
72.00,661.50,658.00,665.00,7,661.50
72.50,201.50,198.00,205.00,7,201.50
72.50,458.00,458.00,458.00,0,458.00
73.00,335.00,330.00,340.00,10,335.00
73.00,360.00,355.00,365.00,10,360.00
73.00,367.50,358.00,377.00,19,367.50
73.00,415.50,413.00,418.00,5,415.50
73.00,427.50,413.00,442.00,29,427.50
73.00,419.00,419.00,419.00,0,419.00
73.00,429.50,427.00,432.00,5,429.50
73.00,425.00,430.00,420.00,10,425.00
73.00,482.00,469.00,495.00,26,482.00
73.00,483.50,477.00,490.00,13,483.50
73.50,406.00,406.00,406.00,0,406.00
74.00,243.50,242.00,245.00,3,243.50
74.00,250.50,249.00,252.00,3,250.50
74.00,305.00,308.00,302.00,6,305.00
74.00,312.00,313.00,311.00,2,312.00
74.00,337.00,334.00,340.00,6,337.00
74.00,356.50,350.00,363.00,13,356.50
74.00,352.00,353.00,351.00,2,352.00
74.00,375.00,376.00,374.00,2,375.00
74.00,383.50,380.00,387.00,7,383.50
74.00,390.50,389.00,392.00,3,390.50
74.00,382.00,393.00,371.00,22,382.00
74.00,415.50,419.00,412.00,7,415.50
74.00,421.50,433.00,410.00,23,421.50
74.00,439.50,435.00,444.00,9,439.50
74.00,428.50,436.00,421.00,15,428.50
74.00,435.00,440.00,430.00,10,435.00
74.00,448.50,449.00,448.00,1,448.50
74.00,451.00,452.00,450.00,2,451.00
74.00,461.00,456.00,466.00,10,461.00
74.00,470.00,457.00,483.00,26,470.00
74.00,470.50,463.00,478.00,15,470.50
74.00,454.50,467.00,442.00,25,454.50
74.00,457.00,467.00,447.00,20,457.00
74.00,467.00,471.00,463.00,8,467.00
74.00,489.00,497.00,481.00,16,489.00
74.00,498.50,505.00,492.00,13,498.50
74.00,516.50,518.00,515.00,3,516.50
74.00,531.50,539.00,524.00,15,531.50
74.00,547.50,548.00,547.00,1,547.50
74.00,577.00,567.00,587.00,20,577.00
74.00,594.50,595.00,594.00,1,594.50
74.00,626.50,632.00,621.00,11,626.50
75.00,311.00,300.00,322.00,22,311.00
75.00,310.50,311.00,310.00,1,310.50
75.00,321.00,329.00,313.00,16,321.00
75.00,376.50,368.00,385.00,17,376.50
75.00,382.00,372.00,392.00,20,382.00
75.00,405.00,403.00,407.00,4,405.00
75.00,415.00,405.00,425.00,20,415.00
75.00,414.00,416.00,412.00,4,414.00
75.00,422.00,426.00,418.00,8,422.00
75.00,465.50,450.00,481.00,31,465.50
75.00,464.00,465.00,463.00,2,464.00
75.00,479.50,484.00,475.00,9,479.50
75.00,486.50,485.00,488.00,3,486.50
75.00,487.00,493.00,481.00,12,487.00
75.00,501.50,508.00,495.00,13,501.50
75.00,509.00,510.00,508.00,2,509.00
75.00,536.00,537.00,535.00,2,536.00
75.00,571.50,548.00,595.00,47,571.50
75.00,563.50,562.00,565.00,3,563.50
75.00,571.00,569.00,573.00,4,571.00
75.00,579.00,570.00,588.00,18,579.00
75.00,566.50,591.00,542.00,49,566.50
75.00,605.00,605.00,605.00,0,605.00
75.00,608.00,607.00,609.00,2,608.00
75.50,438.50,439.00,438.00,1,438.50
76.00,267.50,275.00,260.00,15,267.50
76.00,291.00,291.00,291.00,0,291.00
76.00,295.50,299.00,292.00,7,295.50
76.00,322.50,315.00,330.00,15,322.50
76.00,318.00,323.00,313.00,10,318.00
76.00,323.00,332.00,314.00,18,323.00
76.00,335.00,337.00,333.00,4,335.00
76.00,342.00,337.00,347.00,10,342.00
76.00,328.00,338.00,318.00,20,328.00
76.00,361.50,359.00,364.00,5,361.50
76.00,376.00,378.00,374.00,4,376.00
76.00,374.00,384.00,364.00,20,374.00
76.00,395.50,391.00,400.00,9,395.50
76.00,443.00,440.00,446.00,6,443.00
76.00,447.00,449.00,445.00,4,447.00
76.00,462.50,456.00,469.00,13,462.50
76.00,464.00,464.00,464.00,0,464.00
76.00,467.00,466.00,468.00,2,467.00
76.00,489.50,466.00,513.00,47,489.50
76.00,502.50,501.00,504.00,3,502.50
76.00,513.00,515.00,511.00,4,513.00
76.00,525.00,522.00,528.00,6,525.00
76.00,524.50,523.00,526.00,3,524.50
76.00,524.50,528.00,521.00,7,524.50
76.00,533.00,541.00,525.00,16,533.00
76.00,576.00,583.00,569.00,14,576.00
76.00,658.50,657.00,660.00,3,658.50
77.00,281.50,283.00,280.00,3,281.50
77.00,289.00,285.00,293.00,8,289.00
77.00,318.00,304.00,332.00,28,318.00
77.00,315.50,318.00,313.00,5,315.50
77.00,359.50,340.00,379.00,39,359.50
77.00,351.50,342.00,361.00,19,351.50
77.00,347.50,346.00,349.00,3,347.50
77.00,362.50,358.00,367.00,9,362.50
77.00,365.00,362.00,368.00,6,365.00
77.00,388.00,394.00,382.00,12,388.00
77.00,402.50,408.00,397.00,11,402.50
77.00,426.50,423.00,430.00,7,426.50
77.00,439.50,440.00,439.00,1,439.50
77.00,460.00,468.00,452.00,16,460.00
77.00,468.00,470.00,466.00,4,468.00
77.00,489.00,482.00,496.00,14,489.00
77.00,504.50,502.00,507.00,5,504.50
77.00,521.50,519.00,524.00,5,521.50
77.00,559.50,559.00,560.00,1,559.50
77.00,575.50,579.00,572.00,7,575.50
77.00,635.50,638.00,633.00,5,635.50
77.00,638.00,640.00,636.00,4,638.00
77.00,664.00,667.00,661.00,6,664.00
77.50,273.50,273.00,274.00,1,273.50
78.00,276.50,277.00,276.00,1,276.50
78.00,295.00,291.00,299.00,8,295.00
78.00,332.00,333.00,331.00,2,332.00
78.00,352.50,345.00,360.00,15,352.50
78.00,357.00,355.00,359.00,4,357.00
78.00,383.50,379.00,388.00,9,383.50
78.00,388.00,394.00,382.00,12,388.00
78.00,406.50,410.00,403.00,7,406.50
78.00,431.50,431.00,432.00,1,431.50
78.00,452.50,447.00,458.00,11,452.50
78.00,450.50,454.00,447.00,7,450.50
78.00,490.50,490.00,491.00,1,490.50
78.00,511.50,514.00,509.00,5,511.50
78.00,552.00,551.00,553.00,2,552.00
78.00,567.50,567.00,568.00,1,567.50
78.00,559.00,577.00,541.00,36,559.00
78.00,578.50,589.00,568.00,21,578.50
78.00,602.50,601.00,604.00,3,602.50
79.00,312.50,300.00,325.00,25,312.50
79.00,308.00,315.00,301.00,14,308.00
79.00,384.00,392.00,376.00,16,384.00
79.00,396.00,406.00,386.00,20,396.00
79.00,406.00,407.00,405.00,2,406.00
79.00,470.00,458.00,482.00,24,470.00
79.00,470.00,460.00,480.00,20,470.00
79.00,471.00,472.00,470.00,2,471.00
79.00,477.50,478.00,477.00,1,477.50
79.00,497.00,492.00,502.00,10,497.00
79.00,508.00,494.00,522.00,28,508.00
79.00,497.50,496.00,499.00,3,497.50
79.00,509.50,497.00,522.00,25,509.50
79.00,529.50,534.00,525.00,9,529.50
79.00,536.50,538.00,535.00,3,536.50
79.00,639.50,621.00,658.00,37,639.50
79.00,810.00,809.00,811.00,2,810.00
80.00,333.50,320.00,347.00,27,333.50
80.00,346.00,348.00,344.00,4,346.00
80.00,386.50,387.00,386.00,1,386.50
80.00,394.50,393.00,396.00,3,394.50
80.00,414.50,410.00,419.00,9,414.50
80.00,429.50,446.00,413.00,33,429.50
80.00,435.50,448.00,423.00,25,435.50
80.00,445.00,461.00,429.00,32,445.00
80.00,470.50,479.00,462.00,17,470.50
80.00,485.00,488.00,482.00,6,485.00
80.00,492.00,492.00,492.00,0,492.00
80.00,496.00,497.00,495.00,2,496.00
80.00,503.00,503.00,503.00,0,503.00
80.00,516.00,518.00,514.00,4,516.00
80.00,538.00,539.00,537.00,2,538.00
80.00,582.50,583.00,582.00,1,582.50
80.00,588.50,587.00,590.00,3,588.50
80.50,432.00,454.00,410.00,44,432.00
81.00,291.00,290.00,292.00,2,291.00
81.00,339.50,337.00,342.00,5,339.50
81.00,376.00,370.00,382.00,12,376.00
81.00,402.00,401.00,403.00,2,402.00
81.00,417.50,411.00,424.00,13,417.50
81.00,415.00,413.00,417.00,4,415.00
81.00,426.50,426.00,427.00,1,426.50
81.00,427.00,426.00,428.00,2,427.00
81.00,483.00,481.00,485.00,4,483.00
81.00,533.50,532.00,535.00,3,533.50
81.00,571.00,560.00,582.00,22,571.00
81.00,577.00,573.00,581.00,8,577.00
81.00,578.00,576.00,580.00,4,578.00
81.00,610.50,609.00,612.00,3,610.50
81.00,615.50,617.00,614.00,3,615.50
81.00,757.50,763.00,752.00,11,757.50
82.00,318.50,320.00,317.00,3,318.50
82.00,388.50,389.00,388.00,1,388.50
82.00,395.00,391.00,399.00,8,395.00
82.00,413.50,413.00,414.00,1,413.50
82.00,413.00,414.00,412.00,2,413.00
82.00,424.00,415.00,433.00,18,424.00
82.00,465.50,462.00,469.00,7,465.50
82.00,476.00,490.00,462.00,28,476.00
82.00,508.00,512.00,504.00,8,508.00
82.00,559.50,524.00,595.00,71,559.50
82.00,551.50,550.00,553.00,3,551.50
82.00,618.00,600.00,636.00,36,618.00
82.00,604.00,604.00,604.00,0,604.00
82.00,608.00,606.00,610.00,4,608.00
82.00,611.50,611.00,612.00,1,611.50
83.00,261.50,273.00,250.00,23,261.50
83.00,324.50,307.00,342.00,35,324.50
83.00,393.00,397.00,389.00,8,393.00
83.00,442.50,438.00,447.00,9,442.50
83.00,475.00,465.00,485.00,20,475.00
83.00,512.50,510.00,515.00,5,512.50
83.00,504.50,545.00,464.00,81,504.50
83.00,606.00,605.00,607.00,2,606.00
83.00,615.00,615.00,615.00,0,615.00
83.00,660.00,655.00,665.00,10,660.00
83.00,666.50,662.00,671.00,9,666.50
83.00,662.50,662.00,663.00,1,662.50
83.00,701.00,707.00,695.00,12,701.00
84.00,427.00,432.00,422.00,10,427.00
84.00,454.00,458.00,450.00,8,454.00
84.00,464.50,465.00,464.00,1,464.50
84.00,474.00,478.00,470.00,8,474.00
84.00,565.50,543.00,588.00,45,565.50
84.00,644.00,640.00,648.00,8,644.00
85.00,284.50,273.00,296.00,23,284.50
85.00,406.00,405.00,407.00,2,406.00
85.00,587.50,530.00,645.00,115,587.50
85.00,547.00,545.00,549.00,4,547.00
85.00,604.00,606.00,602.00,4,604.00
85.00,606.50,609.00,604.00,5,606.50
85.00,720.50,720.00,721.00,1,720.50
85.00,865.50,865.00,866.00,1,865.50
86.00,354.00,353.00,355.00,2,354.00
86.00,370.50,374.00,367.00,7,370.50
86.00,399.00,399.00,399.00,0,399.00
86.00,548.50,547.00,550.00,3,548.50
86.00,552.00,560.00,544.00,16,552.00
86.00,735.50,725.00,746.00,21,735.50
87.00,406.50,417.00,396.00,21,406.50
88.00,536.00,537.00,535.00,2,536.00
88.00,551.00,555.00,547.00,8,551.00
88.00,570.50,565.00,576.00,11,570.50
88.00,710.50,711.00,710.00,1,710.50
89.00,663.50,661.00,666.00,5,663.50
90.00,611.00,604.00,618.00,14,611.00
92.00,533.00,544.00,522.00,22,533.00
92.00,671.00,691.00,651.00,40,671.00
94.00,761.50,755.00,768.00,13,761.50